Name;Login;Password
Olivia;OliviaAdmin;40948
Theodore;TheodoreAdmin;45517
Olivia;OliviaUser;52761
Oliver;OliverAdmin;32216
Theodore;TheodoreHost;76189
Henry;HenryAdmin;95431
Noah;NoahKing;34113
Elijah;ElijahAdmin;42779
Emma;EmmaUser;98650
Noah;NoahKing;60248
James;JamesHost;09006
Olivia;OliviaKing;89344
Benjamin;BenjaminHost;66184
Luna;LunaUser;37882
Sophia;SophiaUser;35984
William;WilliamAdmin;63615
Oliver;OliverAdmin;09737
Henry;HenryUser;01657
Mia;MiaCEO;12001
Oliver;OliverUser;07177
Evelyn;EvelynAdmin;33599
Theodore;TheodoreUser;82660
Ava;AvaKing;01250
Luna;LunaCEO;78351
Noah;NoahHost;16406
Olivia;OliviaKing;98414
Ava;AvaCEO;88087
Amelia;AmeliaKing;38371
William;WilliamAdmin;34965
Isabella;IsabellaHost;99683
Oliver;OliverKing;49925
Charlotte;CharlotteKing;33743
Elijah;ElijahHost;88068
Olivia;OliviaCEO;89722
Theodore;TheodoreAdmin;89078
Isabella;IsabellaHost;86124
Henry;HenryHost;86265
Ava;AvaCEO;24618
Noah;NoahUser;19762
Sophia;SophiaHost;20039
Olivia;OliviaKing;19532
Charlotte;CharlotteAdmin;58677
Henry;HenryAdmin;94196
Sophia;SophiaKing;25549
Olivia;OliviaAdmin;50839
Emma;EmmaCEO;67997
James;JamesCEO;35766
Charlotte;CharlotteKing;25441
Benjamin;BenjaminUser;63355
Ava;AvaAdmin;82536
Olivia;OliviaKing;62146
Noah;NoahCEO;15036
Oliver;OliverCEO;29344